1,100,2023/3/21,2023/3/21 20:00
2,101,2023/3/21,2023/3/21 20:10
3,103,2023/3/21,2023/3/21 20:12
4,110,2023/3/21,2023/3/21 20:14
5,104,2023/3/21,2023/3/21 20:15
6,105,2023/3/21,2023/3/21 20:16
7,106,2023/3/21,2023/3/21 20:16
8,107,2023/3/22,2023/3/22 20:14
9,108,2023/3/22,2023/3/22 20:15
10,109,2023/3/22,2023/3/22 20:17
11,110,2023/3/22,2023/3/22 20:18
12,103,2023/3/22,2023/3/22 20:24
13,121,2023/3/22,2023/3/22 20:26
14,141,2023/3/22,2023/3/22 20:28
15,153,2023/3/22,2023/3/22 20:40
16,161,2023/3/22,2023/3/22 20:50
17,183,2023/3/22,2023/3/22 21:21
18,213,2023/3/22,2023/3/22 21:30
