"10001","ใ?ในใๅคช้?","100","2023/05/15 12:00:45"
10002,"ใ?ในใๆฌก้?",100,"2023/05/15 12:10:45"
10003,"ใ?ในใไธ้",100,"2023/05/15 12:16:45"
10004,"ใ?ในใๅๆตช",100,"2023/05/15 12:17:21"
10005,"้ดๆฌๅคช้?",100,"2023/05/15 13:00:45"
10006,"ใฏใฆใฌๅคช้?",100,"2023/05/15 13:20:45"
10007,"ใ?ในใๅคช้?123",100,"2023/05/15 14:00:45"
10008,"ใใใใ",100,"2023/05/16 12:00:45"
10009,"i3weoo",100,"2023/05/16 13:30:45"
10010,"eeiowiios",100,"2023/05/16 15:00:45"
10011,"eiow8992",100,"2023/05/16 15:20:45"
10012,"32kkoioi",100,"2023/05/16 15:30:45"
